{"cameraMode":{"drawMode":0,"name":"Shaded","section":"Shading Mode"},"sceneLighting":true,"audioPlay":false,"sceneViewState":{"showFog":true,"showMaterialUpdate":false,"showSkybox":true,"showFlares":true,"showImageEffects":true,"showParticleSystems":true},"in2DMode":false,"pivot":{"x":45.13203811645508,"y":6.862602233886719,"z":7.417923450469971},"rotation":{"x":-0.04869925230741501,"y":0.8926916718482971,"z":-0.09951864182949066,"w":-0.4372950494289398},"size":18.47665023803711,"orthographic":false}