{"cameraMode":{"drawMode":0,"name":"Shaded","section":"Shading Mode"},"sceneLighting":true,"audioPlay":false,"sceneViewState":{"showFog":true,"showMaterialUpdate":false,"showSkybox":true,"showFlares":true,"showImageEffects":true,"showParticleSystems":true},"in2DMode":false,"pivot":{"x":7.724538326263428,"y":0.9322969913482666,"z":3.185774326324463},"rotation":{"x":0.001759794307872653,"y":0.9063268899917603,"z":-0.42281052470207217,"w":0.003153471741825342},"size":9.746684074401856,"orthographic":false}