{"cameraMode":{"drawMode":0,"name":"Shaded","section":"Shading Mode"},"sceneLighting":true,"audioPlay":false,"sceneViewState":{"showFog":true,"showMaterialUpdate":false,"showSkybox":true,"showFlares":true,"showImageEffects":true,"showParticleSystems":true},"in2DMode":false,"pivot":{"x":24.877918243408204,"y":10.322779655456543,"z":5.525659084320068},"rotation":{"x":-0.008522662334144116,"y":0.9132748246192932,"z":-0.019196541979908944,"w":-0.40729543566703799},"size":18.47665023803711,"orthographic":false}