{"cameraMode":{"drawMode":0,"name":"Shaded","section":"Shading Mode"},"sceneLighting":false,"audioPlay":false,"sceneViewState":{"showFog":true,"showMaterialUpdate":false,"showSkybox":false,"showFlares":true,"showImageEffects":true,"showParticleSystems":true},"in2DMode":false,"pivot":{"x":-8.862674713134766,"y":-2.1363766193389894,"z":7.091599464416504},"rotation":{"x":0.018267732113599778,"y":-0.9059950113296509,"z":-0.037835296243429187,"w":-0.42242753505706789},"size":2.1200382709503176,"orthographic":false}