{"cameraMode":{"drawMode":0,"name":"Shaded","section":"Shading Mode"},"sceneLighting":true,"audioPlay":false,"sceneViewState":{"showFog":true,"showMaterialUpdate":false,"showSkybox":true,"showFlares":true,"showImageEffects":true,"showParticleSystems":true},"in2DMode":false,"pivot":{"x":47.33893966674805,"y":7.289089202880859,"z":7.535400867462158},"rotation":{"x":-0.10182278603315354,"y":0.8928021788597107,"z":-0.24974554777145387,"w":-0.36163076758384707},"size":7.11863899230957,"orthographic":false}