{"cameraMode":{"drawMode":0,"name":"Shaded","section":"Shading Mode"},"sceneLighting":false,"audioPlay":false,"sceneViewState":{"showFog":true,"showMaterialUpdate":false,"showSkybox":false,"showFlares":true,"showImageEffects":true,"showParticleSystems":true},"in2DMode":false,"pivot":{"x":0.0018797516822814942,"y":0.21266597509384156,"z":0.06112349033355713},"rotation":{"x":-0.09110262989997864,"y":-0.5107093453407288,"z":0.05483928322792053,"w":-0.8535481095314026},"size":3.140225410461426,"orthographic":false}