{"cameraMode":{"drawMode":0,"name":"Shaded","section":"Shading Mode"},"sceneLighting":false,"audioPlay":false,"sceneViewState":{"showFog":true,"showMaterialUpdate":false,"showSkybox":false,"showFlares":true,"showImageEffects":true,"showParticleSystems":true},"in2DMode":false,"pivot":{"x":6.923412322998047,"y":1.9467287063598633,"z":9.393827438354493},"rotation":{"x":-0.10776294022798538,"y":-0.2772737145423889,"z":0.031600236892700198,"w":-0.9545592069625855},"size":1.027275800704956,"orthographic":false}