{"cameraMode":{"drawMode":0,"name":"Shaded","section":"Shading Mode"},"sceneLighting":false,"audioPlay":false,"sceneViewState":{"showFog":true,"showMaterialUpdate":false,"showSkybox":false,"showFlares":true,"showImageEffects":true,"showParticleSystems":true},"in2DMode":false,"pivot":{"x":0.0005222558975219727,"y":0.4325849115848541,"z":-0.0004673004150390625},"rotation":{"x":0.0033271806314587595,"y":-0.9809814691543579,"z":0.017691442742943765,"w":0.19374758005142213},"size":9.47510051727295,"orthographic":false}