{"cameraMode":{"drawMode":0,"name":"Shaded","section":"Shading Mode"},"sceneLighting":false,"audioPlay":false,"sceneViewState":{"showFog":true,"showMaterialUpdate":false,"showSkybox":false,"showFlares":true,"showImageEffects":true,"showParticleSystems":true},"in2DMode":false,"pivot":{"x":0.4899999797344208,"y":0.9975383281707764,"z":-2.910659074783325},"rotation":{"x":-0.02041439898312092,"y":-0.970974326133728,"z":0.09217560291290283,"w":-0.22210641205310822},"size":0.9177095293998718,"orthographic":false}