{"cameraMode":{"drawMode":0,"name":"Shaded","section":"Shading Mode"},"sceneLighting":false,"audioPlay":false,"sceneViewState":{"showFog":true,"showMaterialUpdate":false,"showSkybox":false,"showFlares":true,"showImageEffects":true,"showParticleSystems":true},"in2DMode":false,"pivot":{"x":0.8752728700637817,"y":0.0012568831443786622,"z":0.2570938467979431},"rotation":{"x":-0.02028331533074379,"y":-0.6439566612243652,"z":0.017838139086961747,"w":-0.7649876475334168},"size":2.735314130783081,"orthographic":false}