{"cameraMode":{"drawMode":0,"name":"Shaded","section":"Shading Mode"},"sceneLighting":false,"audioPlay":false,"sceneViewState":{"showFog":true,"showMaterialUpdate":false,"showSkybox":false,"showFlares":true,"showImageEffects":true,"showParticleSystems":true},"in2DMode":false,"pivot":{"x":7.666814804077148,"y":1.954197645187378,"z":11.102334976196289},"rotation":{"x":-0.10776294022798538,"y":-0.2772737145423889,"z":0.031600236892700198,"w":-0.9545592069625855},"size":1.146194338798523,"orthographic":false}