{"cameraMode":{"drawMode":0,"name":"Shaded","section":"Shading Mode"},"sceneLighting":false,"audioPlay":false,"sceneViewState":{"showFog":true,"showMaterialUpdate":false,"showSkybox":false,"showFlares":true,"showImageEffects":true,"showParticleSystems":true},"in2DMode":false,"pivot":{"x":1.9900000095367432,"y":0.9975383281707764,"z":-2.910659074783325},"rotation":{"x":-0.031166132539510728,"y":-0.9427895545959473,"z":0.0938308835029602,"w":-0.3193845748901367},"size":1.8177094459533692,"orthographic":false}