{"cameraMode":{"drawMode":0,"name":"Shaded","section":"Shading Mode"},"sceneLighting":false,"audioPlay":false,"sceneViewState":{"showFog":true,"showMaterialUpdate":false,"showSkybox":false,"showFlares":true,"showImageEffects":true,"showParticleSystems":true},"in2DMode":false,"pivot":{"x":8.606952667236329,"y":1.9399638175964356,"z":9.17818832397461},"rotation":{"x":-0.10776294022798538,"y":-0.2772737145423889,"z":0.031600236892700198,"w":-0.9545592069625855},"size":1.1226978302001954,"orthographic":false}