{"cameraMode":{"drawMode":0,"name":"Shaded","section":"Shading Mode"},"sceneLighting":true,"audioPlay":false,"sceneViewState":{"showFog":true,"showMaterialUpdate":false,"showSkybox":true,"showFlares":true,"showImageEffects":true,"showParticleSystems":true},"in2DMode":false,"pivot":{"x":0.4449203312397003,"y":1.658185362815857,"z":-2.028578519821167},"rotation":{"x":0.0671425610780716,"y":-0.15893244743347169,"z":0.007699953392148018,"w":0.9859557151794434},"size":6.888189792633057,"orthographic":false}